run_id,episode,total_reward,avg_reward,epsilon,alpha,gamma,qtable_coverage
1,1,-8120,-8120.0,0.995,0.1,0.9,26.5
1,2,-7455,-3727.5,0.99003,0.1,0.9,52.3
1,3,-6970,-2323.33,0.98507,0.1,0.9,61.5
1,4,-4045,-1011.25,0.98015,0.1,0.9,63.0
1,5,-7245,-1449.0,0.97525,0.1,0.9,76.3
1,6,-7670,-1278.33,0.97037,0.1,0.9,82.4
1,7,-5840,-834.29,0.96552,0.1,0.9,89.3
1,8,-1420,-177.5,0.96069,0.1,0.9,90.8
1,9,-5770,-641.11,0.95589,0.1,0.9,92.3
1,10,-7065,-706.5,0.95111,0.1,0.9,92.6
1,11,-3225,-293.18,0.94635,0.1,0.9,93.4
1,12,-7190,-599.17,0.94162,0.1,0.9,93.6
1,13,-2075,-159.62,0.93691,0.1,0.9,93.6
1,14,-6820,-487.14,0.93223,0.1,0.9,93.6
1,15,-7145,-476.33,0.92757,0.1,0.9,93.6
1,16,-2065,-129.06,0.92293,0.1,0.9,93.9
1,17,-5830,-342.94,0.91832,0.1,0.9,93.9
1,18,-6595,-366.39,0.91372,0.1,0.9,96.2
1,19,-6425,-338.16,0.90916,0.1,0.9,97.2
1,20,-4215,-210.75,0.90461,0.1,0.9,97.7
1,21,-2335,-111.19,0.90009,0.1,0.9,97.7
1,22,-2050,-93.18,0.89559,0.1,0.9,97.7
1,23,-1215,-52.83,0.89111,0.1,0.9,97.7
1,24,-2220,-92.5,0.88665,0.1,0.9,97.7
1,25,-6860,-274.4,0.88222,0.1,0.9,97.7
1,26,-2950,-113.46,0.87781,0.1,0.9,97.7
1,27,-5920,-219.26,0.87342,0.1,0.9,97.7
1,28,-1950,-69.64,0.86905,0.1,0.9,97.7
1,29,-4890,-168.62,0.86471,0.1,0.9,98.0
1,30,-820,-27.33,0.86038,0.1,0.9,98.0
1,31,-4005,-129.19,0.85608,0.1,0.9,98.0
1,32,-3290,-102.81,0.8518,0.1,0.9,98.0
1,33,-4560,-138.18,0.84754,0.1,0.9,98.0
1,34,-1875,-55.15,0.84331,0.1,0.9,98.0
1,35,-2510,-71.71,0.83909,0.1,0.9,98.0
1,36,-850,-23.61,0.83489,0.1,0.9,98.0
1,37,-380,-10.27,0.83072,0.1,0.9,98.0
1,38,-6650,-175.0,0.82657,0.1,0.9,98.0
1,39,-4355,-111.67,0.82243,0.1,0.9,98.0
1,40,-3505,-87.62,0.81832,0.1,0.9,98.0
1,41,-630,-15.37,0.81423,0.1,0.9,98.0
1,42,-6100,-145.24,0.81016,0.1,0.9,98.0
1,43,-505,-11.74,0.80611,0.1,0.9,98.0
1,44,-4650,-105.68,0.80208,0.1,0.9,98.0
1,45,-6830,-151.78,0.79807,0.1,0.9,98.0
1,46,-1160,-25.22,0.79408,0.1,0.9,98.0
1,47,-1990,-42.34,0.7901,0.1,0.9,98.0
1,48,-4710,-98.12,0.78615,0.1,0.9,98.0
1,49,-2555,-52.14,0.78222,0.1,0.9,98.0
1,50,-1480,-29.6,0.77831,0.1,0.9,98.0
1,51,-1020,-20.0,0.77442,0.1,0.9,98.0
1,52,-815,-15.67,0.77055,0.1,0.9,98.0
1,53,-6355,-119.91,0.7667,0.1,0.9,98.0
1,54,-1880,-34.81,0.76286,0.1,0.9,98.0
1,55,-2320,-42.18,0.75905,0.1,0.9,98.0
1,56,-2765,-49.38,0.75525,0.1,0.9,98.0
1,57,-2010,-35.26,0.75148,0.1,0.9,98.0
1,58,-1295,-22.33,0.74772,0.1,0.9,98.0
1,59,-2650,-44.92,0.74398,0.1,0.9,98.0
1,60,-3825,-63.75,0.74026,0.1,0.9,98.0
1,61,-860,-14.1,0.73656,0.1,0.9,98.0
1,62,-6520,-105.16,0.73288,0.1,0.9,98.0
1,63,-2825,-44.84,0.72921,0.1,0.9,98.0
1,64,-370,-5.78,0.72557,0.1,0.9,98.0
1,65,-2585,-39.77,0.72194,0.1,0.9,98.0
1,66,-2640,-40.0,0.71833,0.1,0.9,98.0
1,67,-1475,-22.01,0.71474,0.1,0.9,98.0
1,68,-460,-6.76,0.71116,0.1,0.9,98.0
1,69,-1060,-15.36,0.70761,0.1,0.9,98.0
1,70,-2370,-33.86,0.70407,0.1,0.9,98.0
1,71,-1695,-23.87,0.70055,0.1,0.9,98.0
1,72,-1990,-27.64,0.69705,0.1,0.9,98.0
1,73,-3960,-54.25,0.69356,0.1,0.9,98.0
1,74,-1300,-17.57,0.69009,0.1,0.9,98.0
1,75,-6080,-81.07,0.68664,0.1,0.9,98.0
1,76,-1125,-14.8,0.68321,0.1,0.9,98.0
1,77,-4420,-57.4,0.67979,0.1,0.9,98.0
1,78,-1585,-20.32,0.67639,0.1,0.9,98.0
1,79,-2975,-37.66,0.67301,0.1,0.9,98.0
1,80,-380,-4.75,0.66965,0.1,0.9,98.0
1,81,-760,-9.38,0.6663,0.1,0.9,98.0
1,82,-445,-5.43,0.66297,0.1,0.9,98.0
1,83,-2605,-31.39,0.65965,0.1,0.9,98.0
1,84,-1105,-13.15,0.65635,0.1,0.9,98.0
1,85,-835,-9.82,0.65307,0.1,0.9,98.0
1,86,-695,-8.08,0.64981,0.1,0.9,98.0
1,87,-380,-4.37,0.64656,0.1,0.9,98.0
1,88,-1730,-19.66,0.64333,0.1,0.9,98.0
1,89,-720,-8.09,0.64011,0.1,0.9,98.0
1,90,-1450,-16.11,0.63691,0.1,0.9,98.0
1,91,-1305,-14.34,0.63372,0.1,0.9,98.0
1,92,-2805,-30.49,0.63056,0.1,0.9,98.0
1,93,-1885,-20.27,0.6274,0.1,0.9,98.0
1,94,-1900,-20.21,0.62427,0.1,0.9,98.0
1,95,-720,-7.58,0.62114,0.1,0.9,98.0
1,96,-1160,-12.08,0.61804,0.1,0.9,98.0
1,97,-1640,-16.91,0.61495,0.1,0.9,98.0
1,98,-2570,-26.22,0.61187,0.1,0.9,98.0
1,99,-650,-6.57,0.60881,0.1,0.9,98.0
1,100,-1195,-11.95,0.60577,0.1,0.9,98.0
1,101,-835,-8.27,0.60274,0.1,0.9,98.0
1,102,-420,-4.12,0.59973,0.1,0.9,98.0
1,103,-850,-8.25,0.59673,0.1,0.9,98.0
1,104,-530,-5.1,0.59375,0.1,0.9,98.0
1,105,-310,-2.95,0.59078,0.1,0.9,98.0
1,106,-1035,-9.76,0.58782,0.1,0.9,98.0
1,107,-1605,-15.0,0.58488,0.1,0.9,98.0
1,108,-1705,-15.79,0.58196,0.1,0.9,98.0
1,109,-400,-3.67,0.57905,0.1,0.9,98.0
1,110,-1845,-16.77,0.57615,0.1,0.9,98.0
1,111,-820,-7.39,0.57327,0.1,0.9,98.0
1,112,-2725,-24.33,0.57041,0.1,0.9,98.0
1,113,-690,-6.11,0.56756,0.1,0.9,98.0
1,114,-3630,-31.84,0.56472,0.1,0.9,98.0
1,115,-1020,-8.87,0.56189,0.1,0.9,98.0
1,116,-1105,-9.53,0.55908,0.1,0.9,98.0
1,117,-3685,-31.5,0.55629,0.1,0.9,98.0
1,118,-320,-2.71,0.55351,0.1,0.9,98.0
1,119,-835,-7.02,0.55074,0.1,0.9,98.0
1,120,-4290,-35.75,0.54799,0.1,0.9,98.0
1,121,-510,-4.21,0.54525,0.1,0.9,98.0
1,122,-510,-4.18,0.54252,0.1,0.9,98.0
1,123,-600,-4.88,0.53981,0.1,0.9,98.0
1,124,-510,-4.11,0.53711,0.1,0.9,98.0
1,125,-580,-4.64,0.53442,0.1,0.9,98.0
1,126,-5985,-47.5,0.53175,0.1,0.9,98.0
1,127,-425,-3.35,0.52909,0.1,0.9,98.0
1,128,-1225,-9.57,0.52645,0.1,0.9,98.0
1,129,-930,-7.21,0.52381,0.1,0.9,98.0
1,130,-2365,-18.19,0.5212,0.1,0.9,98.0
1,131,-2160,-16.49,0.51859,0.1,0.9,98.0
1,132,-570,-4.32,0.516,0.1,0.9,98.0
1,133,-1655,-12.44,0.51342,0.1,0.9,98.0
1,134,-460,-3.43,0.51085,0.1,0.9,98.0
1,135,-450,-3.33,0.5083,0.1,0.9,98.0
1,136,-630,-4.63,0.50575,0.1,0.9,98.0
1,137,-950,-6.93,0.50322,0.1,0.9,98.0
1,138,-715,-5.18,0.50071,0.1,0.9,98.0
1,139,-735,-5.29,0.49821,0.1,0.9,98.0
1,140,-330,-2.36,0.49571,0.1,0.9,98.0
1,141,-1060,-7.52,0.49324,0.1,0.9,98.0
1,142,-460,-3.24,0.49077,0.1,0.9,98.0
1,143,-870,-6.08,0.48832,0.1,0.9,98.0
1,144,-945,-6.56,0.48587,0.1,0.9,98.0
1,145,-515,-3.55,0.48344,0.1,0.9,98.0
1,146,-430,-2.95,0.48103,0.1,0.9,98.0
1,147,-540,-3.67,0.47862,0.1,0.9,98.0
1,148,-490,-3.31,0.47623,0.1,0.9,98.0
1,149,-4105,-27.55,0.47385,0.1,0.9,98.0
1,150,-1645,-10.97,0.47148,0.1,0.9,98.0
1,151,-1065,-7.05,0.46912,0.1,0.9,98.0
1,152,-1120,-7.37,0.46678,0.1,0.9,98.0
1,153,-900,-5.88,0.46444,0.1,0.9,98.0
1,154,-230,-1.49,0.46212,0.1,0.9,98.0
1,155,-400,-2.58,0.45981,0.1,0.9,98.0
1,156,-360,-2.31,0.45751,0.1,0.9,98.0
1,157,-430,-2.74,0.45522,0.1,0.9,98.0
1,158,-1190,-7.53,0.45295,0.1,0.9,98.0
1,159,-960,-6.04,0.45068,0.1,0.9,98.0
1,160,-980,-6.12,0.44843,0.1,0.9,98.0
1,161,-120,-0.75,0.44619,0.1,0.9,98.0
1,162,-1255,-7.75,0.44396,0.1,0.9,98.0
1,163,-1310,-8.04,0.44174,0.1,0.9,98.0
1,164,-690,-4.21,0.43953,0.1,0.9,98.0
1,165,-180,-1.09,0.43733,0.1,0.9,98.0
1,166,-410,-2.47,0.43514,0.1,0.9,98.0
1,167,-1250,-7.49,0.43297,0.1,0.9,98.0
1,168,-280,-1.67,0.4308,0.1,0.9,98.0
1,169,-2690,-15.92,0.42865,0.1,0.9,98.0
1,170,-540,-3.18,0.4265,0.1,0.9,98.0
1,171,-865,-5.06,0.42437,0.1,0.9,98.0
1,172,-365,-2.12,0.42225,0.1,0.9,98.0
1,173,-240,-1.39,0.42014,0.1,0.9,98.0
1,174,-440,-2.53,0.41804,0.1,0.9,98.0
1,175,-1095,-6.26,0.41595,0.1,0.9,98.0
1,176,-80,-0.45,0.41387,0.1,0.9,98.0
1,177,-160,-0.9,0.4118,0.1,0.9,98.0
1,178,-1205,-6.77,0.40974,0.1,0.9,98.0
1,179,-370,-2.07,0.40769,0.1,0.9,98.0
1,180,-760,-4.22,0.40565,0.1,0.9,98.0
1,181,-960,-5.3,0.40362,0.1,0.9,98.0
1,182,-455,-2.5,0.40161,0.1,0.9,98.0
1,183,-1185,-6.48,0.3996,0.1,0.9,98.0
1,184,-180,-0.98,0.3976,0.1,0.9,98.0
1,185,-340,-1.84,0.39561,0.1,0.9,98.0
1,186,-1745,-9.38,0.39363,0.1,0.9,98.0
1,187,-270,-1.44,0.39167,0.1,0.9,98.0
1,188,-325,-1.73,0.38971,0.1,0.9,98.0
1,189,-140,-0.74,0.38776,0.1,0.9,98.0
1,190,-865,-4.55,0.38582,0.1,0.9,98.0
1,191,-140,-0.73,0.38389,0.1,0.9,98.0
1,192,-240,-1.25,0.38197,0.1,0.9,98.0
1,193,-1165,-6.04,0.38006,0.1,0.9,98.0
1,194,-100,-0.52,0.37816,0.1,0.9,98.0
1,195,-150,-0.77,0.37627,0.1,0.9,98.0
1,196,-245,-1.25,0.37439,0.1,0.9,98.0
1,197,-170,-0.86,0.37252,0.1,0.9,98.0
1,198,-500,-2.53,0.37066,0.1,0.9,98.0
1,199,-370,-1.86,0.3688,0.1,0.9,98.0
1,200,-380,-1.9,0.36696,0.1,0.9,98.0
1,201,-3830,-19.05,0.36512,0.1,0.9,98.0
1,202,-200,-0.99,0.3633,0.1,0.9,98.0
1,203,-180,-0.89,0.36148,0.1,0.9,98.0
1,204,-850,-4.17,0.35967,0.1,0.9,98.0
1,205,-1190,-5.8,0.35788,0.1,0.9,98.0
1,206,-170,-0.83,0.35609,0.1,0.9,98.0
1,207,-630,-3.04,0.35431,0.1,0.9,98.0
1,208,-510,-2.45,0.35253,0.1,0.9,98.0
1,209,-1905,-9.11,0.35077,0.1,0.9,98.0
1,210,-435,-2.07,0.34902,0.1,0.9,98.0
1,211,-220,-1.04,0.34727,0.1,0.9,98.0
1,212,-440,-2.08,0.34554,0.1,0.9,98.0
1,213,-560,-2.63,0.34381,0.1,0.9,98.0
1,214,-2330,-10.89,0.34209,0.1,0.9,98.0
1,215,-100,-0.47,0.34038,0.1,0.9,98.0
1,216,-230,-1.06,0.33868,0.1,0.9,98.0
1,217,-140,-0.65,0.33698,0.1,0.9,98.0
1,218,-90,-0.41,0.3353,0.1,0.9,98.0
1,219,-320,-1.46,0.33362,0.1,0.9,98.0
1,220,-355,-1.61,0.33195,0.1,0.9,98.0
1,221,-430,-1.95,0.33029,0.1,0.9,98.0
1,222,-1665,-7.5,0.32864,0.1,0.9,98.0
1,223,-90,-0.4,0.327,0.1,0.9,98.0
1,224,-280,-1.25,0.32536,0.1,0.9,98.0
1,225,-350,-1.56,0.32374,0.1,0.9,98.0
1,226,-285,-1.26,0.32212,0.1,0.9,98.0
1,227,-375,-1.65,0.32051,0.1,0.9,98.0
1,228,-345,-1.51,0.31891,0.1,0.9,98.0
1,229,-150,-0.66,0.31731,0.1,0.9,98.0
1,230,-270,-1.17,0.31572,0.1,0.9,98.0
1,231,-205,-0.89,0.31415,0.1,0.9,98.0
1,232,-240,-1.03,0.31258,0.1,0.9,98.0
1,233,-260,-1.12,0.31101,0.1,0.9,98.0
1,234,-440,-1.88,0.30946,0.1,0.9,98.0
1,235,-590,-2.51,0.30791,0.1,0.9,98.0
1,236,-290,-1.23,0.30637,0.1,0.9,98.0
1,237,-225,-0.95,0.30484,0.1,0.9,98.0
1,238,-305,-1.28,0.30331,0.1,0.9,98.0
1,239,-120,-0.5,0.3018,0.1,0.9,98.0
1,240,-310,-1.29,0.30029,0.1,0.9,98.0
1,241,-190,-0.79,0.29879,0.1,0.9,98.0
1,242,-270,-1.12,0.29729,0.1,0.9,98.0
1,243,-350,-1.44,0.29581,0.1,0.9,98.0
1,244,-320,-1.31,0.29433,0.1,0.9,98.0
1,245,-770,-3.14,0.29286,0.1,0.9,98.0
1,246,-915,-3.72,0.29139,0.1,0.9,98.0
1,247,-570,-2.31,0.28994,0.1,0.9,98.0
1,248,-210,-0.85,0.28849,0.1,0.9,98.0
1,249,-455,-1.83,0.28704,0.1,0.9,98.0
1,250,-300,-1.2,0.28561,0.1,0.9,98.0
1,251,-920,-3.67,0.28418,0.1,0.9,98.0
1,252,-355,-1.41,0.28276,0.1,0.9,98.0
1,253,-1105,-4.37,0.28135,0.1,0.9,98.0
1,254,-440,-1.73,0.27994,0.1,0.9,98.0
1,255,-250,-0.98,0.27854,0.1,0.9,98.0
1,256,-1120,-4.38,0.27715,0.1,0.9,98.0
1,257,-190,-0.74,0.27576,0.1,0.9,98.0
1,258,-180,-0.7,0.27438,0.1,0.9,98.0
1,259,-630,-2.43,0.27301,0.1,0.9,98.0
1,260,-335,-1.29,0.27164,0.1,0.9,98.0
1,261,-350,-1.34,0.27029,0.1,0.9,98.0
1,262,-240,-0.92,0.26893,0.1,0.9,98.0
1,263,-875,-3.33,0.26759,0.1,0.9,98.0
1,264,-370,-1.4,0.26625,0.1,0.9,98.0
1,265,-360,-1.36,0.26492,0.1,0.9,98.0
1,266,-80,-0.3,0.2636,0.1,0.9,98.0
1,267,-330,-1.24,0.26228,0.1,0.9,98.0
1,268,-160,-0.6,0.26097,0.1,0.9,98.0
1,269,-255,-0.95,0.25966,0.1,0.9,98.0
1,270,-230,-0.85,0.25836,0.1,0.9,98.0
1,271,-230,-0.85,0.25707,0.1,0.9,98.0
1,272,-100,-0.37,0.25579,0.1,0.9,98.0
1,273,-290,-1.06,0.25451,0.1,0.9,98.0
1,274,-400,-1.46,0.25324,0.1,0.9,98.0
1,275,-80,-0.29,0.25197,0.1,0.9,98.0
1,276,-80,-0.29,0.25071,0.1,0.9,98.0
1,277,-120,-0.43,0.24946,0.1,0.9,98.0
1,278,-220,-0.79,0.24821,0.1,0.9,98.0
1,279,-580,-2.08,0.24697,0.1,0.9,98.0
1,280,-170,-0.61,0.24573,0.1,0.9,98.0
1,281,-60,-0.21,0.2445,0.1,0.9,98.0
1,282,-205,-0.73,0.24328,0.1,0.9,98.0
1,283,-295,-1.04,0.24206,0.1,0.9,98.0
1,284,-60,-0.21,0.24085,0.1,0.9,98.0
1,285,-490,-1.72,0.23965,0.1,0.9,98.0
1,286,-270,-0.94,0.23845,0.1,0.9,98.0
1,287,-230,-0.8,0.23726,0.1,0.9,98.0
1,288,-390,-1.35,0.23607,0.1,0.9,98.0
1,289,-1045,-3.62,0.23489,0.1,0.9,98.0
1,290,-380,-1.31,0.23372,0.1,0.9,98.0
1,291,-230,-0.79,0.23255,0.1,0.9,98.0
1,292,-485,-1.66,0.23139,0.1,0.9,98.0
1,293,-60,-0.2,0.23023,0.1,0.9,98.0
1,294,-100,-0.34,0.22908,0.1,0.9,98.0
1,295,-170,-0.58,0.22793,0.1,0.9,98.0
1,296,-325,-1.1,0.22679,0.1,0.9,98.0
1,297,-460,-1.55,0.22566,0.1,0.9,98.0
1,298,-265,-0.89,0.22453,0.1,0.9,98.0
1,299,-670,-2.24,0.22341,0.1,0.9,98.0
1,300,-305,-1.02,0.22229,0.1,0.9,98.0
1,301,-60,-0.2,0.22118,0.1,0.9,98.0
1,302,-60,-0.2,0.22007,0.1,0.9,98.0
1,303,-740,-2.44,0.21897,0.1,0.9,98.0
1,304,-565,-1.86,0.21788,0.1,0.9,98.0
1,305,-855,-2.8,0.21679,0.1,0.9,98.0
1,306,-435,-1.42,0.21571,0.1,0.9,98.0
1,307,-165,-0.54,0.21463,0.1,0.9,98.0
1,308,-375,-1.22,0.21355,0.1,0.9,98.0
1,309,-655,-2.12,0.21249,0.1,0.9,98.0
1,310,-140,-0.45,0.21142,0.1,0.9,98.0
1,311,-555,-1.78,0.21037,0.1,0.9,98.0
1,312,-205,-0.66,0.20932,0.1,0.9,98.0
1,313,-120,-0.38,0.20827,0.1,0.9,98.0
1,314,-180,-0.57,0.20723,0.1,0.9,98.0
1,315,-425,-1.35,0.20619,0.1,0.9,98.0
1,316,-180,-0.57,0.20516,0.1,0.9,98.0
1,317,-165,-0.52,0.20413,0.1,0.9,98.0
1,318,-250,-0.79,0.20311,0.1,0.9,98.0
1,319,-335,-1.05,0.2021,0.1,0.9,98.0
1,320,-240,-0.75,0.20109,0.1,0.9,98.0
1,321,-90,-0.28,0.20008,0.1,0.9,98.0
1,322,-205,-0.64,0.19908,0.1,0.9,98.0
1,323,-165,-0.51,0.19809,0.1,0.9,98.0
1,324,-230,-0.71,0.1971,0.1,0.9,98.0
1,325,-265,-0.82,0.19611,0.1,0.9,98.0
1,326,-100,-0.31,0.19513,0.1,0.9,98.0
1,327,-205,-0.63,0.19415,0.1,0.9,98.0
1,328,-205,-0.62,0.19318,0.1,0.9,98.0
1,329,-225,-0.68,0.19222,0.1,0.9,98.0
1,330,-325,-0.98,0.19126,0.1,0.9,98.0
1,331,-475,-1.44,0.1903,0.1,0.9,98.0
1,332,-365,-1.1,0.18935,0.1,0.9,98.0
1,333,-545,-1.64,0.1884,0.1,0.9,98.0
1,334,-275,-0.82,0.18746,0.1,0.9,98.0
1,335,-255,-0.76,0.18652,0.1,0.9,98.0
1,336,-265,-0.79,0.18559,0.1,0.9,98.0
1,337,-205,-0.61,0.18466,0.1,0.9,98.0
1,338,-185,-0.55,0.18374,0.1,0.9,98.0
1,339,-365,-1.08,0.18282,0.1,0.9,98.0
1,340,-165,-0.49,0.18191,0.1,0.9,98.0
1,341,-60,-0.18,0.181,0.1,0.9,98.0
1,342,-160,-0.47,0.18009,0.1,0.9,98.0
1,343,-165,-0.48,0.17919,0.1,0.9,98.0
1,344,-330,-0.96,0.1783,0.1,0.9,98.0
1,345,-570,-1.65,0.1774,0.1,0.9,98.0
1,346,-185,-0.53,0.17652,0.1,0.9,98.0
1,347,-900,-2.59,0.17563,0.1,0.9,98.0
1,348,-170,-0.49,0.17476,0.1,0.9,98.0
1,349,-305,-0.87,0.17388,0.1,0.9,98.0
1,350,-140,-0.4,0.17301,0.1,0.9,98.0
1,351,-220,-0.63,0.17215,0.1,0.9,98.0
1,352,-165,-0.47,0.17129,0.1,0.9,98.0
1,353,-185,-0.52,0.17043,0.1,0.9,98.0
1,354,-320,-0.9,0.16958,0.1,0.9,98.0
1,355,-190,-0.54,0.16873,0.1,0.9,98.0
1,356,-100,-0.28,0.16789,0.1,0.9,98.0
1,357,-225,-0.63,0.16705,0.1,0.9,98.0
1,358,-120,-0.34,0.16621,0.1,0.9,98.0
1,359,-140,-0.39,0.16538,0.1,0.9,98.0
1,360,-185,-0.51,0.16455,0.1,0.9,98.0
1,361,-100,-0.28,0.16373,0.1,0.9,98.0
1,362,-255,-0.7,0.16291,0.1,0.9,98.0
1,363,-100,-0.28,0.1621,0.1,0.9,98.0
1,364,-230,-0.63,0.16129,0.1,0.9,98.0
1,365,-100,-0.27,0.16048,0.1,0.9,98.0
1,366,-255,-0.7,0.15968,0.1,0.9,98.0
1,367,-60,-0.16,0.15888,0.1,0.9,98.0
1,368,-100,-0.27,0.15809,0.1,0.9,98.0
1,369,-205,-0.56,0.1573,0.1,0.9,98.0
1,370,-130,-0.35,0.15651,0.1,0.9,98.0
1,371,-180,-0.49,0.15573,0.1,0.9,98.0
1,372,-60,-0.16,0.15495,0.1,0.9,98.0
1,373,-275,-0.74,0.15417,0.1,0.9,98.0
1,374,-130,-0.35,0.1534,0.1,0.9,98.0
1,375,-255,-0.68,0.15264,0.1,0.9,98.0
1,376,-150,-0.4,0.15187,0.1,0.9,98.0
1,377,-165,-0.44,0.15111,0.1,0.9,98.0
1,378,-80,-0.21,0.15036,0.1,0.9,98.0
1,379,-130,-0.34,0.14961,0.1,0.9,98.0
1,380,-255,-0.67,0.14886,0.1,0.9,98.0
1,381,-80,-0.21,0.14811,0.1,0.9,98.0
1,382,-60,-0.16,0.14737,0.1,0.9,98.0
1,383,-385,-1.01,0.14664,0.1,0.9,98.0
1,384,-225,-0.59,0.1459,0.1,0.9,98.0
1,385,-100,-0.26,0.14517,0.1,0.9,98.0
1,386,-210,-0.54,0.14445,0.1,0.9,98.0
1,387,-60,-0.16,0.14372,0.1,0.9,98.0
1,388,-165,-0.43,0.14301,0.1,0.9,98.0
1,389,-165,-0.42,0.14229,0.1,0.9,98.0
1,390,-340,-0.87,0.14158,0.1,0.9,98.0
1,391,-165,-0.42,0.14087,0.1,0.9,98.0
1,392,-130,-0.33,0.14017,0.1,0.9,98.0
1,393,-230,-0.59,0.13947,0.1,0.9,98.0
1,394,-400,-1.02,0.13877,0.1,0.9,98.0
1,395,-235,-0.59,0.13808,0.1,0.9,98.0
1,396,-165,-0.42,0.13739,0.1,0.9,98.0
1,397,-150,-0.38,0.1367,0.1,0.9,98.0
1,398,-150,-0.38,0.13601,0.1,0.9,98.0
1,399,-90,-0.23,0.13533,0.1,0.9,98.0
1,400,-185,-0.46,0.13466,0.1,0.9,98.0
1,401,-60,-0.15,0.13398,0.1,0.9,98.0
1,402,-165,-0.41,0.13331,0.1,0.9,98.0
1,403,-275,-0.68,0.13265,0.1,0.9,98.0
1,404,-60,-0.15,0.13199,0.1,0.9,98.0
1,405,-185,-0.46,0.13133,0.1,0.9,98.0
1,406,-60,-0.15,0.13067,0.1,0.9,98.0
1,407,-140,-0.34,0.13002,0.1,0.9,98.0
1,408,-130,-0.32,0.12937,0.1,0.9,98.0
1,409,-120,-0.29,0.12872,0.1,0.9,98.0
1,410,-185,-0.45,0.12807,0.1,0.9,98.0
1,411,-60,-0.15,0.12743,0.1,0.9,98.0
1,412,-130,-0.32,0.1268,0.1,0.9,98.0
1,413,-185,-0.45,0.12616,0.1,0.9,98.0
1,414,-60,-0.14,0.12553,0.1,0.9,98.0
1,415,-165,-0.4,0.1249,0.1,0.9,98.0
1,416,-165,-0.4,0.12428,0.1,0.9,98.0
1,417,-400,-0.96,0.12366,0.1,0.9,98.0
1,418,-140,-0.33,0.12304,0.1,0.9,98.0
1,419,-165,-0.39,0.12243,0.1,0.9,98.0
1,420,-205,-0.49,0.12181,0.1,0.9,98.0
1,421,-255,-0.61,0.1212,0.1,0.9,98.0
1,422,-60,-0.14,0.1206,0.1,0.9,98.0
1,423,-165,-0.39,0.12,0.1,0.9,98.0
1,424,-60,-0.14,0.1194,0.1,0.9,98.0
1,425,-60,-0.14,0.1188,0.1,0.9,98.0
1,426,-60,-0.14,0.1182,0.1,0.9,98.0
1,427,-275,-0.64,0.11761,0.1,0.9,98.0
1,428,-290,-0.68,0.11702,0.1,0.9,98.0
1,429,-80,-0.19,0.11644,0.1,0.9,98.0
1,430,-165,-0.38,0.11586,0.1,0.9,98.0
1,431,-180,-0.42,0.11528,0.1,0.9,98.0
1,432,-130,-0.3,0.1147,0.1,0.9,98.0
1,433,-100,-0.23,0.11413,0.1,0.9,98.0
1,434,-165,-0.38,0.11356,0.1,0.9,98.0
1,435,-100,-0.23,0.11299,0.1,0.9,98.0
1,436,-60,-0.14,0.11243,0.1,0.9,98.0
1,437,-60,-0.14,0.11186,0.1,0.9,98.0
1,438,-185,-0.42,0.1113,0.1,0.9,98.0
1,439,-60,-0.14,0.11075,0.1,0.9,98.0
1,440,-150,-0.34,0.11019,0.1,0.9,98.0
1,441,-265,-0.6,0.10964,0.1,0.9,98.0
1,442,-60,-0.14,0.10909,0.1,0.9,98.0
1,443,-100,-0.23,0.10855,0.1,0.9,98.0
1,444,-255,-0.57,0.10801,0.1,0.9,98.0
1,445,-60,-0.13,0.10747,0.1,0.9,98.0
1,446,-320,-0.72,0.10693,0.1,0.9,98.0
1,447,-165,-0.37,0.10639,0.1,0.9,98.0
1,448,-185,-0.41,0.10586,0.1,0.9,98.0
1,449,-165,-0.37,0.10533,0.1,0.9,98.0
1,450,-110,-0.24,0.10481,0.1,0.9,98.0
1,451,-130,-0.29,0.10428,0.1,0.9,98.0
1,452,-295,-0.65,0.10376,0.1,0.9,98.0
1,453,-130,-0.29,0.10324,0.1,0.9,98.0
1,454,-60,-0.13,0.10273,0.1,0.9,98.0
1,455,-165,-0.36,0.10221,0.1,0.9,98.0
1,456,-210,-0.46,0.1017,0.1,0.9,98.0
1,457,-60,-0.13,0.10119,0.1,0.9,98.0
1,458,-240,-0.52,0.10069,0.1,0.9,98.0
1,459,-165,-0.36,0.10018,0.1,0.9,98.0
1,460,-165,-0.36,0.09968,0.1,0.9,98.0
1,461,-100,-0.22,0.09918,0.1,0.9,98.0
1,462,-165,-0.36,0.09869,0.1,0.9,98.0
1,463,-200,-0.43,0.09819,0.1,0.9,98.0
1,464,-60,-0.13,0.0977,0.1,0.9,98.0
1,465,-170,-0.37,0.09721,0.1,0.9,98.0
1,466,-100,-0.21,0.09673,0.1,0.9,98.0
1,467,-305,-0.65,0.09625,0.1,0.9,98.0
1,468,-60,-0.13,0.09576,0.1,0.9,98.0
1,469,-185,-0.39,0.09529,0.1,0.9,98.0
1,470,-60,-0.13,0.09481,0.1,0.9,98.0
1,471,-165,-0.35,0.09433,0.1,0.9,98.0
1,472,-100,-0.21,0.09386,0.1,0.9,98.0
1,473,-165,-0.35,0.09339,0.1,0.9,98.0
1,474,-245,-0.52,0.09293,0.1,0.9,98.0
1,475,-165,-0.35,0.09246,0.1,0.9,98.0
1,476,-185,-0.39,0.092,0.1,0.9,98.0
1,477,-165,-0.35,0.09154,0.1,0.9,98.0
1,478,-165,-0.35,0.09108,0.1,0.9,98.0
1,479,-100,-0.21,0.09063,0.1,0.9,98.0
1,480,-100,-0.21,0.09017,0.1,0.9,98.0
1,481,-60,-0.12,0.08972,0.1,0.9,98.0
1,482,-60,-0.12,0.08927,0.1,0.9,98.0
1,483,-165,-0.34,0.08883,0.1,0.9,98.0
1,484,-185,-0.38,0.08838,0.1,0.9,98.0
1,485,-165,-0.34,0.08794,0.1,0.9,98.0
1,486,-205,-0.42,0.0875,0.1,0.9,98.0
1,487,-80,-0.16,0.08706,0.1,0.9,98.0
1,488,-250,-0.51,0.08663,0.1,0.9,98.0
1,489,-300,-0.61,0.0862,0.1,0.9,98.0
1,490,-100,-0.2,0.08576,0.1,0.9,98.0
1,491,-80,-0.16,0.08534,0.1,0.9,98.0
1,492,-165,-0.34,0.08491,0.1,0.9,98.0
1,493,-230,-0.47,0.08448,0.1,0.9,98.0
1,494,-240,-0.49,0.08406,0.1,0.9,98.0
1,495,-60,-0.12,0.08364,0.1,0.9,98.0
1,496,-165,-0.33,0.08322,0.1,0.9,98.0
1,497,-60,-0.12,0.08281,0.1,0.9,98.0
1,498,-130,-0.26,0.08239,0.1,0.9,98.0
1,499,-60,-0.12,0.08198,0.1,0.9,98.0
1,500,-160,-0.32,0.08157,0.1,0.9,98.0
1,501,-60,-0.12,0.08116,0.1,0.9,98.0
1,502,-205,-0.41,0.08076,0.1,0.9,98.0
1,503,-140,-0.28,0.08035,0.1,0.9,98.0
1,504,-165,-0.33,0.07995,0.1,0.9,98.0
1,505,-165,-0.33,0.07955,0.1,0.9,98.0
1,506,-235,-0.46,0.07916,0.1,0.9,98.0
1,507,-120,-0.24,0.07876,0.1,0.9,98.0
1,508,-315,-0.62,0.07837,0.1,0.9,98.0
1,509,-185,-0.36,0.07797,0.1,0.9,98.0
1,510,-205,-0.4,0.07758,0.1,0.9,98.0
1,511,-90,-0.18,0.0772,0.1,0.9,98.0
1,512,-185,-0.36,0.07681,0.1,0.9,98.0
1,513,-225,-0.44,0.07643,0.1,0.9,98.0
1,514,-100,-0.19,0.07604,0.1,0.9,98.0
1,515,-165,-0.32,0.07566,0.1,0.9,98.0
1,516,-165,-0.32,0.07529,0.1,0.9,98.0
1,517,-165,-0.32,0.07491,0.1,0.9,98.0
1,518,-100,-0.19,0.07453,0.1,0.9,98.0
1,519,-60,-0.12,0.07416,0.1,0.9,98.0
1,520,-100,-0.19,0.07379,0.1,0.9,98.0
1,521,-130,-0.25,0.07342,0.1,0.9,98.0
1,522,-60,-0.11,0.07305,0.1,0.9,98.0
1,523,-165,-0.32,0.07269,0.1,0.9,98.0
1,524,-130,-0.25,0.07233,0.1,0.9,98.0
1,525,-60,-0.11,0.07196,0.1,0.9,98.0
1,526,-60,-0.11,0.0716,0.1,0.9,98.0
1,527,-190,-0.36,0.07125,0.1,0.9,98.0
1,528,-80,-0.15,0.07089,0.1,0.9,98.0
1,529,-120,-0.23,0.07054,0.1,0.9,98.0
1,530,-275,-0.52,0.07018,0.1,0.9,98.0
1,531,-100,-0.19,0.06983,0.1,0.9,98.0
1,532,-80,-0.15,0.06948,0.1,0.9,98.0
1,533,-185,-0.35,0.06914,0.1,0.9,98.0
1,534,-100,-0.19,0.06879,0.1,0.9,98.0
1,535,-60,-0.11,0.06845,0.1,0.9,98.0
1,536,-60,-0.11,0.0681,0.1,0.9,98.0
1,537,-165,-0.31,0.06776,0.1,0.9,98.0
1,538,-120,-0.22,0.06742,0.1,0.9,98.0
1,539,-165,-0.31,0.06709,0.1,0.9,98.0
1,540,-255,-0.47,0.06675,0.1,0.9,98.0
1,541,-185,-0.34,0.06642,0.1,0.9,98.0
1,542,-160,-0.3,0.06609,0.1,0.9,98.0
1,543,-100,-0.18,0.06576,0.1,0.9,98.0
1,544,-60,-0.11,0.06543,0.1,0.9,98.0
1,545,-120,-0.22,0.0651,0.1,0.9,98.0
1,546,-130,-0.24,0.06477,0.1,0.9,98.0
1,547,-100,-0.18,0.06445,0.1,0.9,98.0
1,548,-130,-0.24,0.06413,0.1,0.9,98.0
1,549,-100,-0.18,0.06381,0.1,0.9,98.0
1,550,-60,-0.11,0.06349,0.1,0.9,98.0
1,551,-60,-0.11,0.06317,0.1,0.9,98.0
1,552,-285,-0.52,0.06286,0.1,0.9,98.0
1,553,-60,-0.11,0.06254,0.1,0.9,98.0
1,554,-130,-0.23,0.06223,0.1,0.9,98.0
1,555,-165,-0.3,0.06192,0.1,0.9,98.0
1,556,-120,-0.22,0.06161,0.1,0.9,98.0
1,557,-165,-0.3,0.0613,0.1,0.9,98.0
1,558,-230,-0.41,0.06099,0.1,0.9,98.0
1,559,-100,-0.18,0.06069,0.1,0.9,98.0
1,560,-165,-0.29,0.06038,0.1,0.9,98.0
1,561,-255,-0.45,0.06008,0.1,0.9,98.0
1,562,-165,-0.29,0.05978,0.1,0.9,98.0
1,563,-130,-0.23,0.05948,0.1,0.9,98.0
1,564,-280,-0.5,0.05919,0.1,0.9,98.0
1,565,-205,-0.36,0.05889,0.1,0.9,98.0
1,566,-165,-0.29,0.0586,0.1,0.9,98.0
1,567,-310,-0.55,0.0583,0.1,0.9,98.0
1,568,-165,-0.29,0.05801,0.1,0.9,98.0
1,569,-165,-0.29,0.05772,0.1,0.9,98.0
1,570,-60,-0.11,0.05743,0.1,0.9,98.0
1,571,-60,-0.11,0.05715,0.1,0.9,98.0
1,572,-60,-0.1,0.05686,0.1,0.9,98.0
1,573,-140,-0.24,0.05658,0.1,0.9,98.0
1,574,-130,-0.23,0.05629,0.1,0.9,98.0
1,575,-120,-0.21,0.05601,0.1,0.9,98.0
1,576,-60,-0.1,0.05573,0.1,0.9,98.0
1,577,-240,-0.42,0.05545,0.1,0.9,98.0
1,578,-80,-0.14,0.05517,0.1,0.9,98.0
1,579,-165,-0.28,0.0549,0.1,0.9,98.0
1,580,-240,-0.41,0.05462,0.1,0.9,98.0
1,581,-60,-0.1,0.05435,0.1,0.9,98.0
1,582,-165,-0.28,0.05408,0.1,0.9,98.0
1,583,-100,-0.17,0.05381,0.1,0.9,98.0
1,584,-60,-0.1,0.05354,0.1,0.9,98.0
1,585,-165,-0.28,0.05327,0.1,0.9,98.0
1,586,-235,-0.4,0.05301,0.1,0.9,98.0
1,587,-165,-0.28,0.05274,0.1,0.9,98.0
1,588,-165,-0.28,0.05248,0.1,0.9,98.0
1,589,-225,-0.38,0.05221,0.1,0.9,98.0
1,590,-160,-0.27,0.05195,0.1,0.9,98.0
1,591,-185,-0.31,0.05169,0.1,0.9,98.0
1,592,-130,-0.22,0.05144,0.1,0.9,98.0
1,593,-165,-0.28,0.05118,0.1,0.9,98.0
1,594,-100,-0.17,0.05092,0.1,0.9,98.0
1,595,-120,-0.2,0.05067,0.1,0.9,98.0
1,596,-250,-0.42,0.05041,0.1,0.9,98.0
1,597,-60,-0.1,0.05016,0.1,0.9,98.0
1,598,-60,-0.1,0.04991,0.1,0.9,98.0
1,599,-100,-0.17,0.04991,0.1,0.9,98.0
1,600,-60,-0.1,0.04991,0.1,0.9,98.0
1,601,-60,-0.1,0.04991,0.1,0.9,98.0
1,602,-185,-0.31,0.04991,0.1,0.9,98.0
1,603,-160,-0.27,0.04991,0.1,0.9,98.0
1,604,-60,-0.1,0.04991,0.1,0.9,98.0
1,605,-165,-0.27,0.04991,0.1,0.9,98.0
1,606,-60,-0.1,0.04991,0.1,0.9,98.0
1,607,-60,-0.1,0.04991,0.1,0.9,98.0
1,608,-60,-0.1,0.04991,0.1,0.9,98.0
1,609,-130,-0.21,0.04991,0.1,0.9,98.0
1,610,-100,-0.16,0.04991,0.1,0.9,98.0
1,611,-185,-0.3,0.04991,0.1,0.9,98.0
1,612,-130,-0.21,0.04991,0.1,0.9,98.0
1,613,-130,-0.21,0.04991,0.1,0.9,98.0
1,614,-185,-0.3,0.04991,0.1,0.9,98.0
1,615,-60,-0.1,0.04991,0.1,0.9,98.0
1,616,-165,-0.27,0.04991,0.1,0.9,98.0
1,617,-185,-0.3,0.04991,0.1,0.9,98.0
1,618,-60,-0.1,0.04991,0.1,0.9,98.0
1,619,-130,-0.21,0.04991,0.1,0.9,98.0
1,620,-165,-0.27,0.04991,0.1,0.9,98.0
1,621,-60,-0.1,0.04991,0.1,0.9,98.0
1,622,-170,-0.27,0.04991,0.1,0.9,98.0
1,623,-235,-0.38,0.04991,0.1,0.9,98.0
1,624,-60,-0.1,0.04991,0.1,0.9,98.0
1,625,-60,-0.1,0.04991,0.1,0.9,98.0
1,626,-165,-0.26,0.04991,0.1,0.9,98.0
1,627,-100,-0.16,0.04991,0.1,0.9,98.0
1,628,-165,-0.26,0.04991,0.1,0.9,98.0
1,629,-60,-0.1,0.04991,0.1,0.9,98.0
1,630,-60,-0.1,0.04991,0.1,0.9,98.0
1,631,-60,-0.1,0.04991,0.1,0.9,98.0
1,632,-205,-0.32,0.04991,0.1,0.9,98.0
1,633,-60,-0.09,0.04991,0.1,0.9,98.0
1,634,-60,-0.09,0.04991,0.1,0.9,98.0
1,635,-165,-0.26,0.04991,0.1,0.9,98.0
1,636,-165,-0.26,0.04991,0.1,0.9,98.0
1,637,-100,-0.16,0.04991,0.1,0.9,98.0
1,638,-60,-0.09,0.04991,0.1,0.9,98.0
1,639,-100,-0.16,0.04991,0.1,0.9,98.0
1,640,-140,-0.22,0.04991,0.1,0.9,98.0
1,641,-165,-0.26,0.04991,0.1,0.9,98.0
1,642,-165,-0.26,0.04991,0.1,0.9,98.0
1,643,-165,-0.26,0.04991,0.1,0.9,98.0
1,644,-60,-0.09,0.04991,0.1,0.9,98.0
1,645,-60,-0.09,0.04991,0.1,0.9,98.0
1,646,-60,-0.09,0.04991,0.1,0.9,98.0
1,647,-60,-0.09,0.04991,0.1,0.9,98.0
1,648,-165,-0.25,0.04991,0.1,0.9,98.0
1,649,-165,-0.25,0.04991,0.1,0.9,98.0
1,650,-165,-0.25,0.04991,0.1,0.9,98.0
1,651,-165,-0.25,0.04991,0.1,0.9,98.0
1,652,-80,-0.12,0.04991,0.1,0.9,98.0
1,653,-130,-0.2,0.04991,0.1,0.9,98.0
1,654,-165,-0.25,0.04991,0.1,0.9,98.0
1,655,-205,-0.31,0.04991,0.1,0.9,98.0
1,656,-205,-0.31,0.04991,0.1,0.9,98.0
1,657,-60,-0.09,0.04991,0.1,0.9,98.0
1,658,-300,-0.46,0.04991,0.1,0.9,98.0
1,659,-245,-0.37,0.04991,0.1,0.9,98.0
1,660,-60,-0.09,0.04991,0.1,0.9,98.0
1,661,-60,-0.09,0.04991,0.1,0.9,98.0
1,662,-80,-0.12,0.04991,0.1,0.9,98.0
1,663,-165,-0.25,0.04991,0.1,0.9,98.0
1,664,-60,-0.09,0.04991,0.1,0.9,98.0
1,665,-60,-0.09,0.04991,0.1,0.9,98.0
1,666,-165,-0.25,0.04991,0.1,0.9,98.0
1,667,-320,-0.48,0.04991,0.1,0.9,98.0
1,668,-160,-0.24,0.04991,0.1,0.9,98.0
1,669,-60,-0.09,0.04991,0.1,0.9,98.0
1,670,-60,-0.09,0.04991,0.1,0.9,98.0
1,671,-60,-0.09,0.04991,0.1,0.9,98.0
1,672,-100,-0.15,0.04991,0.1,0.9,98.0
1,673,-140,-0.21,0.04991,0.1,0.9,98.0
1,674,-60,-0.09,0.04991,0.1,0.9,98.0
1,675,-100,-0.15,0.04991,0.1,0.9,98.0
1,676,-205,-0.3,0.04991,0.1,0.9,98.0
1,677,-60,-0.09,0.04991,0.1,0.9,98.0
1,678,-165,-0.24,0.04991,0.1,0.9,98.0
1,679,-165,-0.24,0.04991,0.1,0.9,98.0
1,680,-60,-0.09,0.04991,0.1,0.9,98.0
1,681,-140,-0.21,0.04991,0.1,0.9,98.0
1,682,-60,-0.09,0.04991,0.1,0.9,98.0
1,683,-165,-0.24,0.04991,0.1,0.9,98.0
1,684,-210,-0.31,0.04991,0.1,0.9,98.0
1,685,-165,-0.24,0.04991,0.1,0.9,98.0
1,686,-165,-0.24,0.04991,0.1,0.9,98.0
1,687,-230,-0.33,0.04991,0.1,0.9,98.0
1,688,-165,-0.24,0.04991,0.1,0.9,98.0
1,689,-80,-0.12,0.04991,0.1,0.9,98.0
1,690,-165,-0.24,0.04991,0.1,0.9,98.0
1,691,-165,-0.24,0.04991,0.1,0.9,98.0
1,692,-60,-0.09,0.04991,0.1,0.9,98.0
1,693,-165,-0.24,0.04991,0.1,0.9,98.0
1,694,-60,-0.09,0.04991,0.1,0.9,98.0
1,695,-165,-0.24,0.04991,0.1,0.9,98.0
1,696,-185,-0.27,0.04991,0.1,0.9,98.0
1,697,-60,-0.09,0.04991,0.1,0.9,98.0
1,698,-165,-0.24,0.04991,0.1,0.9,98.0
1,699,-165,-0.24,0.04991,0.1,0.9,98.0
1,700,-60,-0.09,0.04991,0.1,0.9,98.0
1,701,-60,-0.09,0.04991,0.1,0.9,98.0
1,702,-60,-0.09,0.04991,0.1,0.9,98.0
1,703,-230,-0.33,0.04991,0.1,0.9,98.0
1,704,-60,-0.09,0.04991,0.1,0.9,98.0
1,705,-165,-0.23,0.04991,0.1,0.9,98.0
1,706,-235,-0.33,0.04991,0.1,0.9,98.0
1,707,-100,-0.14,0.04991,0.1,0.9,98.0
1,708,-60,-0.08,0.04991,0.1,0.9,98.0
1,709,-265,-0.37,0.04991,0.1,0.9,98.0
1,710,-100,-0.14,0.04991,0.1,0.9,98.0
1,711,-185,-0.26,0.04991,0.1,0.9,98.0
1,712,-165,-0.23,0.04991,0.1,0.9,98.0
1,713,-185,-0.26,0.04991,0.1,0.9,98.0
1,714,-80,-0.11,0.04991,0.1,0.9,98.0
1,715,-130,-0.18,0.04991,0.1,0.9,98.0
1,716,-205,-0.29,0.04991,0.1,0.9,98.0
1,717,-185,-0.26,0.04991,0.1,0.9,98.0
1,718,-60,-0.08,0.04991,0.1,0.9,98.0
1,719,-165,-0.23,0.04991,0.1,0.9,98.0
1,720,-165,-0.23,0.04991,0.1,0.9,98.0
1,721,-100,-0.14,0.04991,0.1,0.9,98.0
1,722,-165,-0.23,0.04991,0.1,0.9,98.0
1,723,-320,-0.44,0.04991,0.1,0.9,98.0
1,724,-100,-0.14,0.04991,0.1,0.9,98.0
1,725,-230,-0.32,0.04991,0.1,0.9,98.0
1,726,-165,-0.23,0.04991,0.1,0.9,98.0
1,727,-130,-0.18,0.04991,0.1,0.9,98.0
1,728,-160,-0.22,0.04991,0.1,0.9,98.0
1,729,-60,-0.08,0.04991,0.1,0.9,98.0
1,730,-270,-0.37,0.04991,0.1,0.9,98.0
1,731,-165,-0.23,0.04991,0.1,0.9,98.0
1,732,-165,-0.23,0.04991,0.1,0.9,98.0
1,733,-60,-0.08,0.04991,0.1,0.9,98.0
1,734,-60,-0.08,0.04991,0.1,0.9,98.0
1,735,-60,-0.08,0.04991,0.1,0.9,98.0
1,736,-165,-0.22,0.04991,0.1,0.9,98.0
1,737,-60,-0.08,0.04991,0.1,0.9,98.0
1,738,-235,-0.32,0.04991,0.1,0.9,98.0
1,739,-165,-0.22,0.04991,0.1,0.9,98.0
1,740,-315,-0.43,0.04991,0.1,0.9,98.0
1,741,-165,-0.22,0.04991,0.1,0.9,98.0
1,742,-60,-0.08,0.04991,0.1,0.9,98.0
1,743,-60,-0.08,0.04991,0.1,0.9,98.0
1,744,-140,-0.19,0.04991,0.1,0.9,98.0
1,745,-165,-0.22,0.04991,0.1,0.9,98.0
1,746,-165,-0.22,0.04991,0.1,0.9,98.0
1,747,-130,-0.17,0.04991,0.1,0.9,98.0
1,748,-235,-0.31,0.04991,0.1,0.9,98.0
1,749,-60,-0.08,0.04991,0.1,0.9,98.0
1,750,-165,-0.22,0.04991,0.1,0.9,98.0
1,751,-60,-0.08,0.04991,0.1,0.9,98.0
1,752,-165,-0.22,0.04991,0.1,0.9,98.0
1,753,-60,-0.08,0.04991,0.1,0.9,98.0
1,754,-100,-0.13,0.04991,0.1,0.9,98.0
1,755,-210,-0.28,0.04991,0.1,0.9,98.0
1,756,-165,-0.22,0.04991,0.1,0.9,98.0
1,757,-130,-0.17,0.04991,0.1,0.9,98.0
1,758,-130,-0.17,0.04991,0.1,0.9,98.0
1,759,-225,-0.3,0.04991,0.1,0.9,98.0
1,760,-60,-0.08,0.04991,0.1,0.9,98.0
1,761,-165,-0.22,0.04991,0.1,0.9,98.0
1,762,-165,-0.22,0.04991,0.1,0.9,98.0
1,763,-100,-0.13,0.04991,0.1,0.9,98.0
1,764,-165,-0.22,0.04991,0.1,0.9,98.0
1,765,-60,-0.08,0.04991,0.1,0.9,98.0
1,766,-60,-0.08,0.04991,0.1,0.9,98.0
1,767,-100,-0.13,0.04991,0.1,0.9,98.0
1,768,-165,-0.21,0.04991,0.1,0.9,98.0
1,769,-165,-0.21,0.04991,0.1,0.9,98.0
1,770,-60,-0.08,0.04991,0.1,0.9,98.0
1,771,-60,-0.08,0.04991,0.1,0.9,98.0
1,772,-235,-0.3,0.04991,0.1,0.9,98.0
1,773,-60,-0.08,0.04991,0.1,0.9,98.0
1,774,-140,-0.18,0.04991,0.1,0.9,98.0
1,775,-60,-0.08,0.04991,0.1,0.9,98.0
1,776,-60,-0.08,0.04991,0.1,0.9,98.0
1,777,-80,-0.1,0.04991,0.1,0.9,98.0
1,778,-165,-0.21,0.04991,0.1,0.9,98.0
1,779,-100,-0.13,0.04991,0.1,0.9,98.0
1,780,-60,-0.08,0.04991,0.1,0.9,98.0
1,781,-165,-0.21,0.04991,0.1,0.9,98.0
1,782,-165,-0.21,0.04991,0.1,0.9,98.0
1,783,-265,-0.34,0.04991,0.1,0.9,98.0
1,784,-165,-0.21,0.04991,0.1,0.9,98.0
1,785,-165,-0.21,0.04991,0.1,0.9,98.0
1,786,-60,-0.08,0.04991,0.1,0.9,98.0
1,787,-100,-0.13,0.04991,0.1,0.9,98.0
1,788,-60,-0.08,0.04991,0.1,0.9,98.0
1,789,-235,-0.3,0.04991,0.1,0.9,98.0
1,790,-60,-0.08,0.04991,0.1,0.9,98.0
1,791,-60,-0.08,0.04991,0.1,0.9,98.0
1,792,-100,-0.13,0.04991,0.1,0.9,98.0
1,793,-230,-0.29,0.04991,0.1,0.9,98.0
1,794,-60,-0.08,0.04991,0.1,0.9,98.0
1,795,-165,-0.21,0.04991,0.1,0.9,98.0
1,796,-165,-0.21,0.04991,0.1,0.9,98.0
1,797,-80,-0.1,0.04991,0.1,0.9,98.0
1,798,-60,-0.08,0.04991,0.1,0.9,98.0
1,799,-60,-0.08,0.04991,0.1,0.9,98.0
1,800,-100,-0.12,0.04991,0.1,0.9,98.0
1,801,-100,-0.12,0.04991,0.1,0.9,98.0
1,802,-100,-0.12,0.04991,0.1,0.9,98.0
1,803,-165,-0.21,0.04991,0.1,0.9,98.0
1,804,-185,-0.23,0.04991,0.1,0.9,98.0
1,805,-60,-0.07,0.04991,0.1,0.9,98.0
1,806,-60,-0.07,0.04991,0.1,0.9,98.0
1,807,-60,-0.07,0.04991,0.1,0.9,98.0
1,808,-165,-0.2,0.04991,0.1,0.9,98.0
1,809,-165,-0.2,0.04991,0.1,0.9,98.0
1,810,-205,-0.25,0.04991,0.1,0.9,98.0
1,811,-165,-0.2,0.04991,0.1,0.9,98.0
1,812,-165,-0.2,0.04991,0.1,0.9,98.0
1,813,-165,-0.2,0.04991,0.1,0.9,98.0
1,814,-60,-0.07,0.04991,0.1,0.9,98.0
1,815,-235,-0.29,0.04991,0.1,0.9,98.0
1,816,-100,-0.12,0.04991,0.1,0.9,98.0
1,817,-100,-0.12,0.04991,0.1,0.9,98.0
1,818,-185,-0.23,0.04991,0.1,0.9,98.0
1,819,-60,-0.07,0.04991,0.1,0.9,98.0
1,820,-100,-0.12,0.04991,0.1,0.9,98.0
1,821,-185,-0.23,0.04991,0.1,0.9,98.0
1,822,-60,-0.07,0.04991,0.1,0.9,98.0
1,823,-60,-0.07,0.04991,0.1,0.9,98.0
1,824,-165,-0.2,0.04991,0.1,0.9,98.0
1,825,-165,-0.2,0.04991,0.1,0.9,98.0
1,826,-60,-0.07,0.04991,0.1,0.9,98.0
1,827,-60,-0.07,0.04991,0.1,0.9,98.0
1,828,-60,-0.07,0.04991,0.1,0.9,98.0
1,829,-60,-0.07,0.04991,0.1,0.9,98.0
1,830,-60,-0.07,0.04991,0.1,0.9,98.0
1,831,-60,-0.07,0.04991,0.1,0.9,98.0
1,832,-60,-0.07,0.04991,0.1,0.9,98.0
1,833,-165,-0.2,0.04991,0.1,0.9,98.0
1,834,-60,-0.07,0.04991,0.1,0.9,98.0
1,835,-305,-0.37,0.04991,0.1,0.9,98.0
1,836,-165,-0.2,0.04991,0.1,0.9,98.0
1,837,-100,-0.12,0.04991,0.1,0.9,98.0
1,838,-60,-0.07,0.04991,0.1,0.9,98.0
1,839,-165,-0.2,0.04991,0.1,0.9,98.0
1,840,-60,-0.07,0.04991,0.1,0.9,98.0
1,841,-60,-0.07,0.04991,0.1,0.9,98.0
1,842,-185,-0.22,0.04991,0.1,0.9,98.0
1,843,-60,-0.07,0.04991,0.1,0.9,98.0
1,844,-60,-0.07,0.04991,0.1,0.9,98.0
1,845,-185,-0.22,0.04991,0.1,0.9,98.0
1,846,-165,-0.2,0.04991,0.1,0.9,98.0
1,847,-60,-0.07,0.04991,0.1,0.9,98.0
1,848,-60,-0.07,0.04991,0.1,0.9,98.0
1,849,-200,-0.24,0.04991,0.1,0.9,98.0
1,850,-165,-0.19,0.04991,0.1,0.9,98.0
1,851,-60,-0.07,0.04991,0.1,0.9,98.0
1,852,-60,-0.07,0.04991,0.1,0.9,98.0
1,853,-165,-0.19,0.04991,0.1,0.9,98.0
1,854,-100,-0.12,0.04991,0.1,0.9,98.0
1,855,-185,-0.22,0.04991,0.1,0.9,98.0
1,856,-140,-0.16,0.04991,0.1,0.9,98.0
1,857,-60,-0.07,0.04991,0.1,0.9,98.0
1,858,-130,-0.15,0.04991,0.1,0.9,98.0
1,859,-165,-0.19,0.04991,0.1,0.9,98.0
1,860,-165,-0.19,0.04991,0.1,0.9,98.0
1,861,-60,-0.07,0.04991,0.1,0.9,98.0
1,862,-180,-0.21,0.04991,0.1,0.9,98.0
1,863,-165,-0.19,0.04991,0.1,0.9,98.0
1,864,-170,-0.2,0.04991,0.1,0.9,98.0
1,865,-185,-0.21,0.04991,0.1,0.9,98.0
1,866,-165,-0.19,0.04991,0.1,0.9,98.0
1,867,-165,-0.19,0.04991,0.1,0.9,98.0
1,868,-60,-0.07,0.04991,0.1,0.9,98.0
1,869,-165,-0.19,0.04991,0.1,0.9,98.0
1,870,-165,-0.19,0.04991,0.1,0.9,98.0
1,871,-165,-0.19,0.04991,0.1,0.9,98.0
1,872,-165,-0.19,0.04991,0.1,0.9,98.0
1,873,-60,-0.07,0.04991,0.1,0.9,98.0
1,874,-165,-0.19,0.04991,0.1,0.9,98.0
1,875,-100,-0.11,0.04991,0.1,0.9,98.0
1,876,-60,-0.07,0.04991,0.1,0.9,98.0
1,877,-60,-0.07,0.04991,0.1,0.9,98.0
1,878,-165,-0.19,0.04991,0.1,0.9,98.0
1,879,-100,-0.11,0.04991,0.1,0.9,98.0
1,880,-60,-0.07,0.04991,0.1,0.9,98.0
1,881,-80,-0.09,0.04991,0.1,0.9,98.0
1,882,-60,-0.07,0.04991,0.1,0.9,98.0
1,883,-165,-0.19,0.04991,0.1,0.9,98.0
1,884,-165,-0.19,0.04991,0.1,0.9,98.0
1,885,-205,-0.23,0.04991,0.1,0.9,98.0
1,886,-60,-0.07,0.04991,0.1,0.9,98.0
1,887,-60,-0.07,0.04991,0.1,0.9,98.0
1,888,-60,-0.07,0.04991,0.1,0.9,98.0
1,889,-60,-0.07,0.04991,0.1,0.9,98.0
1,890,-60,-0.07,0.04991,0.1,0.9,98.0
1,891,-60,-0.07,0.04991,0.1,0.9,98.0
1,892,-60,-0.07,0.04991,0.1,0.9,98.0
1,893,-60,-0.07,0.04991,0.1,0.9,98.0
1,894,-165,-0.18,0.04991,0.1,0.9,98.0
1,895,-60,-0.07,0.04991,0.1,0.9,98.0
1,896,-60,-0.07,0.04991,0.1,0.9,98.0
1,897,-165,-0.18,0.04991,0.1,0.9,98.0
1,898,-60,-0.07,0.04991,0.1,0.9,98.0
1,899,-80,-0.09,0.04991,0.1,0.9,98.0
1,900,-60,-0.07,0.04991,0.1,0.9,98.0
1,901,-170,-0.19,0.04991,0.1,0.9,98.0
1,902,-100,-0.11,0.04991,0.1,0.9,98.0
1,903,-205,-0.23,0.04991,0.1,0.9,98.0
1,904,-185,-0.2,0.04991,0.1,0.9,98.0
1,905,-235,-0.26,0.04991,0.1,0.9,98.0
1,906,-60,-0.07,0.04991,0.1,0.9,98.0
1,907,-165,-0.18,0.04991,0.1,0.9,98.0
1,908,-165,-0.18,0.04991,0.1,0.9,98.0
1,909,-60,-0.07,0.04991,0.1,0.9,98.0
1,910,-60,-0.07,0.04991,0.1,0.9,98.0
1,911,-165,-0.18,0.04991,0.1,0.9,98.0
1,912,-205,-0.22,0.04991,0.1,0.9,98.0
1,913,-60,-0.07,0.04991,0.1,0.9,98.0
1,914,-60,-0.07,0.04991,0.1,0.9,98.0
1,915,-270,-0.3,0.04991,0.1,0.9,98.0
1,916,-165,-0.18,0.04991,0.1,0.9,98.0
1,917,-80,-0.09,0.04991,0.1,0.9,98.0
1,918,-165,-0.18,0.04991,0.1,0.9,98.0
1,919,-60,-0.07,0.04991,0.1,0.9,98.0
1,920,-130,-0.14,0.04991,0.1,0.9,98.0
1,921,-165,-0.18,0.04991,0.1,0.9,98.0
1,922,-165,-0.18,0.04991,0.1,0.9,98.0
1,923,-165,-0.18,0.04991,0.1,0.9,98.0
1,924,-165,-0.18,0.04991,0.1,0.9,98.0
1,925,-60,-0.06,0.04991,0.1,0.9,98.0
1,926,-185,-0.2,0.04991,0.1,0.9,98.0
1,927,-60,-0.06,0.04991,0.1,0.9,98.0
1,928,-225,-0.24,0.04991,0.1,0.9,98.0
1,929,-60,-0.06,0.04991,0.1,0.9,98.0
1,930,-60,-0.06,0.04991,0.1,0.9,98.0
1,931,-60,-0.06,0.04991,0.1,0.9,98.0
1,932,-255,-0.27,0.04991,0.1,0.9,98.0
1,933,-185,-0.2,0.04991,0.1,0.9,98.0
1,934,-205,-0.22,0.04991,0.1,0.9,98.0
1,935,-80,-0.09,0.04991,0.1,0.9,98.0
1,936,-165,-0.18,0.04991,0.1,0.9,98.0
1,937,-60,-0.06,0.04991,0.1,0.9,98.0
1,938,-345,-0.37,0.04991,0.1,0.9,98.0
1,939,-275,-0.29,0.04991,0.1,0.9,98.0
1,940,-165,-0.18,0.04991,0.1,0.9,98.0
1,941,-165,-0.18,0.04991,0.1,0.9,98.0
1,942,-60,-0.06,0.04991,0.1,0.9,98.0
1,943,-210,-0.22,0.04991,0.1,0.9,98.0
1,944,-60,-0.06,0.04991,0.1,0.9,98.0
1,945,-60,-0.06,0.04991,0.1,0.9,98.0
1,946,-130,-0.14,0.04991,0.1,0.9,98.0
1,947,-60,-0.06,0.04991,0.1,0.9,98.0
1,948,-165,-0.17,0.04991,0.1,0.9,98.0
1,949,-60,-0.06,0.04991,0.1,0.9,98.0
1,950,-60,-0.06,0.04991,0.1,0.9,98.0
1,951,-235,-0.25,0.04991,0.1,0.9,98.0
1,952,-185,-0.19,0.04991,0.1,0.9,98.0
1,953,-165,-0.17,0.04991,0.1,0.9,98.0
1,954,-165,-0.17,0.04991,0.1,0.9,98.0
1,955,-165,-0.17,0.04991,0.1,0.9,98.0
1,956,-80,-0.08,0.04991,0.1,0.9,98.0
1,957,-60,-0.06,0.04991,0.1,0.9,98.0
1,958,-165,-0.17,0.04991,0.1,0.9,98.0
1,959,-60,-0.06,0.04991,0.1,0.9,98.0
1,960,-165,-0.17,0.04991,0.1,0.9,98.0
1,961,-165,-0.17,0.04991,0.1,0.9,98.0
1,962,-165,-0.17,0.04991,0.1,0.9,98.0
1,963,-165,-0.17,0.04991,0.1,0.9,98.0
1,964,-165,-0.17,0.04991,0.1,0.9,98.0
1,965,-245,-0.25,0.04991,0.1,0.9,98.0
1,966,-60,-0.06,0.04991,0.1,0.9,98.0
1,967,-165,-0.17,0.04991,0.1,0.9,98.0
1,968,-210,-0.22,0.04991,0.1,0.9,98.0
1,969,-60,-0.06,0.04991,0.1,0.9,98.0
1,970,-165,-0.17,0.04991,0.1,0.9,98.0
1,971,-140,-0.14,0.04991,0.1,0.9,98.0
1,972,-370,-0.38,0.04991,0.1,0.9,98.0
1,973,-60,-0.06,0.04991,0.1,0.9,98.0
1,974,-265,-0.27,0.04991,0.1,0.9,98.0
1,975,-165,-0.17,0.04991,0.1,0.9,98.0
1,976,-60,-0.06,0.04991,0.1,0.9,98.0
1,977,-185,-0.19,0.04991,0.1,0.9,98.0
1,978,-60,-0.06,0.04991,0.1,0.9,98.0
1,979,-230,-0.23,0.04991,0.1,0.9,98.0
1,980,-165,-0.17,0.04991,0.1,0.9,98.0
1,981,-165,-0.17,0.04991,0.1,0.9,98.0
1,982,-60,-0.06,0.04991,0.1,0.9,98.0
1,983,-165,-0.17,0.04991,0.1,0.9,98.0
1,984,-100,-0.1,0.04991,0.1,0.9,98.0
1,985,-235,-0.24,0.04991,0.1,0.9,98.0
1,986,-210,-0.21,0.04991,0.1,0.9,98.0
1,987,-165,-0.17,0.04991,0.1,0.9,98.0
1,988,-130,-0.13,0.04991,0.1,0.9,98.0
1,989,-165,-0.17,0.04991,0.1,0.9,98.0
1,990,-100,-0.1,0.04991,0.1,0.9,98.0
1,991,-60,-0.06,0.04991,0.1,0.9,98.0
1,992,-60,-0.06,0.04991,0.1,0.9,98.0
1,993,-60,-0.06,0.04991,0.1,0.9,98.0
1,994,-100,-0.1,0.04991,0.1,0.9,98.0
1,995,-165,-0.17,0.04991,0.1,0.9,98.0
1,996,-205,-0.21,0.04991,0.1,0.9,98.0
1,997,-130,-0.13,0.04991,0.1,0.9,98.0
1,998,-100,-0.1,0.04991,0.1,0.9,98.0
1,999,-235,-0.24,0.04991,0.1,0.9,98.0
1,1000,-165,-0.17,0.04991,0.1,0.9,98.0
